date,gamma,gamma_lb,gamma_ub,beta,beta_lb,beta_ub
1985-01-01,0.18356369400787126,0.003089683905508317,0.3640377041102342,0.779738983982466,0.45172549271814977,1.1077524752467822
1985-02-01,0.3320269884579283,0.16375145152773612,0.5003025253881204,0.7706151914496767,0.3524748678177884,1.188755515081565
1985-03-01,0.39184940872206747,0.19909863278310905,0.5846001846610259,0.77948083612807,0.36591079453328695,1.193050877722853
1985-04-01,0.34699929014853054,0.24523925319454154,0.44875932710251953,0.7754520844022015,0.5149560722316797,1.0359480965727232
1985-05-01,0.3799131202102545,0.23880432561427517,0.5210219148062338,0.6699699478779793,0.432852136869091,0.9070877588868675
1985-06-01,0.32663600499826617,0.20291072475352318,0.45036128524300917,0.9929165560692277,0.6737410808545554,1.3120920312839
1985-07-01,0.38563470292902863,0.26372798851775753,0.5075414173402997,0.8208099656882157,0.5464559106427107,1.0951640207337208
1985-08-01,0.3180057647807914,0.20271934481091697,0.43329218475066583,0.7789071709958767,0.5011172976037854,1.056697044387968
1985-09-01,0.3275732481966521,0.2206802154825087,0.43446628091079553,0.4956830076699411,0.33871492122853797,0.6526510941113443
1985-10-01,0.23943788309256953,0.09730813134338825,0.3815676348417508,0.46654668550145156,0.23583551739791636,0.6972578536049867
1985-11-01,0.3196837242667678,0.2204946525249204,0.41887279600861516,0.33463221295752754,0.1899316717507872,0.4793327541642679
1985-12-01,0.2920943835665664,0.19018149654385752,0.3940072705892753,0.4308388535474438,0.317782544699334,0.5438951623955536
1986-01-01,0.20963921133423286,0.10646631801292056,0.31281210465554515,0.40346947664013216,0.2690183237136251,0.5379206295666392
1986-02-01,0.2857062036757551,0.16828826195559562,0.40312414539591457,0.43400943384597446,0.2701871657869659,0.597831701904983
1986-03-01,0.2124269047546748,0.11940810700354587,0.3054457025058037,0.3997105557917674,0.1909435548614838,0.6084775567220511
1986-04-01,0.14107002035546434,0.013028619217774373,0.2691114214931543,0.05777753460934054,-0.10346913210625783,0.2190242013249389
1986-05-01,0.09891417331108023,-0.0016990840907139815,0.19952743071287443,0.1299201253278464,0.018226892382332424,0.24161335827336033
1986-06-01,0.034418414723974375,-0.08421485675779401,0.15305168620574278,0.235965790786663,0.09240222887828306,0.37952935269504295
1986-07-01,0.11736244192251011,-0.034693812998838836,0.26941869684385905,0.08976045367500092,-0.07730845741919372,0.25682936476919555
1986-08-01,0.09125318924904734,-0.05183746462573592,0.2343438431238306,0.1271125828999721,-0.03349107607215171,0.2877162418720959
1986-09-01,0.1454647380013093,0.02717456458079197,0.2637549114218266,0.04808281995002141,-0.06835466026858891,0.16452030016863173
1986-10-01,0.13223138603492518,-0.14927475178084043,0.4137375238506908,0.22339992885547566,0.002811995839110598,0.4439878618718407
1986-11-01,0.4585122128414737,0.332882784872652,0.5841416408102954,-0.05606675644869306,-0.15654642390178097,0.044412911004394866
1986-12-01,0.2479348927673859,-0.023664347500878147,0.51953413303565,0.0828704604147675,-0.13357252211743123,0.29931344294696627
1987-01-01,0.05945026808165709,-0.18856788615281933,0.3074684223161335,0.356569786583738,0.025148060854172094,0.6879915123133039
1987-02-01,0.09881860103869314,-0.2078519055001122,0.40548910757749845,0.24478817664871777,-0.15359744928840863,0.6431738025858442
1987-03-01,0.17119672589056512,-0.06062340119487902,0.40301685297600925,0.19913173440543488,-0.14851478294431333,0.5467782517551831
1987-04-01,0.17320656443864832,0.033606231387081464,0.3128068974902152,0.39915011457803856,0.12242203027266313,0.6758781988834139
1987-05-01,0.18472238360158338,0.10101019768532143,0.26843456951784533,0.3184252989819502,0.18370412336576156,0.45314647459813884
1987-06-01,0.10559842393947329,-0.08233364584150009,0.29353049372044665,0.4265344472975374,0.11113570339914758,0.7419331911959273
1987-07-01,0.14233571317165536,0.04727425471009007,0.23739717163322066,0.4665601824182703,0.21107208693076002,0.7220482779057806
1987-08-01,0.22176629125868,0.1293596622982793,0.3141729202190807,0.404313904236229,0.27418363106036225,0.5344441774120957
1987-09-01,0.2244140360906606,0.12973659521956613,0.3190914769617551,0.461954268890111,0.30574684987538975,0.6181616879048322
1987-10-01,0.2063043677395988,0.08787057250849901,0.3247381629706986,0.5352879386832649,0.34095002291763254,0.7296258544488972
1987-11-01,0.04326420813531887,-0.13445473837140404,0.22098315464204177,0.7118227491679666,0.414071959061109,1.0095735392748242
1987-12-01,0.07550974757405066,-0.0765768082482621,0.22759630339636341,0.8598297184636605,0.4978348012751867,1.2218246356521343
1988-01-01,0.08170574374677843,-0.05395561607532996,0.21736710356888683,0.6802773894555767,0.5180731568878754,0.842481622023278
1988-02-01,0.096804712002575,-0.020651038130636692,0.2142604621357867,0.6820371657735153,0.5347579464916333,0.8293163850553972
1988-03-01,0.18547191688884798,0.08233988048657895,0.288603953291117,0.7367584422313569,0.5859515600538665,0.8875653244088473
1988-04-01,0.21777965956638656,0.07674522131482583,0.35881409781794726,0.48502430986925654,0.19345650327786962,0.7765921164606435
1988-05-01,0.24946078855954854,0.10838491590101157,0.3905366612180855,0.7287964708930375,0.5134677570670434,0.9441251847190315
1988-06-01,0.26297800650668585,0.08537388980672303,0.4405821232066487,0.5883314125895365,0.38950901772651625,0.7871538074525567
1988-07-01,0.3038616231453168,0.08207369623556204,0.5256495500550715,0.5250742471461413,0.341422753408812,0.7087257408834705
1988-08-01,0.319111215517935,0.1337056839627499,0.50451674707312,0.5243846878389863,0.36653105264491515,0.6822383230330574
1988-09-01,0.3988886803668066,0.27049391064436584,0.5272834500892474,0.6677620212549797,0.5691433102816716,0.7663807322282878
1988-10-01,0.3908924388272418,0.29450684083487805,0.4872780368196055,0.5083992523063238,0.32656036371304376,0.6902381408996038
1988-11-01,0.35320000566045073,0.24791804485320063,0.45848196646770084,0.49925348907284484,0.3646699811695473,0.6338369969761424
1988-12-01,0.38835276992019174,0.3053250993231872,0.4713804405171963,0.5639628101697581,0.45696482519895365,0.6709607951405626
1989-01-01,0.4950115007784509,0.3667716431774224,0.6232513583794794,0.45641686806192966,0.21354254457663285,0.6992911915472264
1989-02-01,0.5823652351351949,0.4542553497308133,0.7104751205395765,0.5843921390042307,0.3189121992472287,0.8498720787612327
1989-03-01,0.510526950258782,0.322295259274145,0.698758641243419,0.6607868156935399,0.4208132866550667,0.9007603447320132
1989-04-01,0.7565487366179595,0.666137082140372,0.846960391095547,0.7626132907484849,0.39352451111257714,1.1317020703843927
1989-05-01,0.6739373296433582,0.5547458233621334,0.7931288359245829,0.9055992066641836,0.5927142558523482,1.218484157476019
1989-06-01,0.6043255302063517,0.5002930220037888,0.7083580384089146,0.6600912187607245,0.4333666293694097,0.8868158081520394
1989-07-01,0.5300909898040292,0.38917258271826677,0.6710093968897917,0.5083757212341381,0.2808232829315426,0.7359281595367336
1989-08-01,0.3976350352189404,0.21843654043523897,0.5768335300026418,0.6198009429776457,0.36372820592959276,0.8758736800256985
1989-09-01,0.4711144682531555,0.3080665270545666,0.6341624094517444,0.6315974291943854,0.42093996283151003,0.8422548955572609
1989-10-01,0.28060118387894917,0.1595612085200428,0.40164115923785554,0.51918713084173,0.2636359216176537,0.7747383400658062
1989-11-01,0.33531621710458065,0.188020896170898,0.4826115380382633,0.46476048826753247,0.26728481578129537,0.6622361607537696
1989-12-01,0.392944944466142,0.21650539921428197,0.569384489718002,0.4967432393004605,0.24560920898413285,0.7478772696167881
1990-01-01,0.2444728836970876,0.11787100950325541,0.3710747578909198,0.5252354620402166,0.25208915208286486,0.7983817719975684
1990-02-01,0.44585145781391944,0.3274374851004088,0.5642654305274301,0.4032256300983096,0.20151292926991693,0.6049383309267022
1990-03-01,0.3678743808608519,0.2923927171971267,0.4433560445245771,0.3418007096495554,0.23559148915713446,0.4480099301419763
1990-04-01,0.08544015730090226,-0.08758169210711234,0.25846200670891684,0.2584653444635889,0.11320347190297628,0.40372721702420145
1990-05-01,0.12853216734546438,-0.0989579153250596,0.35602225001598836,0.27645413457968954,0.1396821650310579,0.41322610412832117
1990-06-01,0.3108778805703914,0.08198391680824396,0.5397718443325388,0.20067385519216777,0.09263609421698343,0.3087116161673521
1990-07-01,0.27265489478597316,0.1542444651349723,0.391065324436974,0.20602923465120257,0.0871528834718184,0.3249055858305867
1990-08-01,0.12493315401167138,0.008968210784544087,0.24089809723879868,0.2413102381775504,0.13599846133988525,0.34662201501521556
1990-09-01,0.3318412532013143,0.2532215584364263,0.4104609479662023,0.13225361472119535,0.00522354616557999,0.25928368327681073
1990-10-01,0.30270779492466454,0.2272840800353064,0.37813150981402266,0.09351020203632777,0.050564522559301495,0.13645588151335405
1990-11-01,0.3047654990405976,0.26143715048041727,0.3480938476007779,0.11167752969413361,0.06590982431429537,0.15744523507397185
1990-12-01,0.24778598253646977,0.17703885625742732,0.3185331088155122,0.11995047694442636,0.03863563547425422,0.2012653184145985
1991-01-01,0.35884467320324087,0.27692011348144024,0.4407692329250415,0.06440802588544994,0.019418004690899326,0.10939804708000056
1991-02-01,0.3851351121121187,0.2935217146066342,0.47674850961760323,0.07851205657679755,0.03135414772443182,0.12566996542916328
1991-03-01,0.3325882848214368,0.1966360387828369,0.4685405308600368,0.04243144959390544,-0.03163666755378337,0.11649956674159426
1991-04-01,0.3995172038436662,0.3047164363387337,0.4943179713485987,0.11451583838382748,0.03603559418661639,0.19299608258103856
1991-05-01,0.17491375780974047,0.03393074599762308,0.31589676962185786,0.013858014578420735,-0.09766257170276185,0.1253786008596033
1991-06-01,0.3598237448209603,0.26902168418067357,0.45062580546124703,0.07350183094179098,0.031379722508379025,0.11562393937520293
1991-07-01,0.3385610117311262,0.27143691073702203,0.40568511272523033,0.19791960923476698,0.10416283710601817,0.2916763813635158
1991-08-01,0.3202875690844524,0.2609839615045144,0.37959117666439035,0.1936260397948958,0.04508851378521264,0.34216356580457896
1991-09-01,0.2442443221317435,0.14858675953069733,0.33990188473278965,0.3217396636298837,0.1882593081319585,0.4552200191278089
1991-10-01,0.25572158069777995,0.1630751272509816,0.3483680341445783,0.2887332605637869,0.07489674121358308,0.5025697799139908
1991-11-01,0.30506534721127837,0.17053340142895118,0.43959729299360556,0.09801918038433707,-0.12036829856234879,0.31640665933102297
1991-12-01,0.3203483281046874,0.1935705276775085,0.4471261285318663,-0.06285393608205975,-0.37734476497376024,0.25163689280964074
1992-01-01,0.5881271564730494,0.4609631685382942,0.7152911444078045,0.1961079797319784,0.016395782820610827,0.375820176643346
1992-02-01,0.5205796533768776,0.42123584332986985,0.6199234634238854,0.3097989666975941,0.10874672456334591,0.5108512088318423
1992-03-01,0.4678519506216201,0.3633431171551916,0.5723607840880486,0.16518445067044463,0.005915825894268617,0.3244530754466206
1992-04-01,0.5818581334947538,0.5132112164294991,0.6505050505600085,0.20452102992295418,-0.028000384070067053,0.4370424439159754
1992-05-01,0.6482529288165464,0.5148600702898096,0.7816457873432832,0.253794459187233,-0.10818023770999874,0.6157691560844647
1992-06-01,0.5399598004428937,0.37952142024777075,0.7003981806380166,0.6487191006718164,0.43474379136240876,0.8626944099812239
1992-07-01,0.5510936591974734,0.36415647001075613,0.7380308483841908,0.5152665832240169,0.27991252051886417,0.7506206459291695
1992-08-01,0.6346885125610212,0.47920290291944057,0.7901741222026019,0.4918898497543494,0.27694353926826987,0.706836160240429
1992-09-01,0.6581193368000648,0.49008276699795744,0.8261559066021722,0.2825145279008665,0.06502716182197721,0.5000018939797558
1992-10-01,0.7736322492553636,0.5733385696482978,0.9739259288624293,0.40301005469322754,0.19584612899574733,0.6101739803907078
1992-11-01,0.46993644546030006,0.15984371056215607,0.780029180358444,0.7135715829474216,0.4405391849183479,0.9866039809764953
1992-12-01,0.4219625831895514,0.13721228052318724,0.7067128858559155,0.6035945936860655,0.221936745793838,0.9852524415782931
1993-01-01,0.7603172107099232,0.6761310669911975,0.8445033544286489,0.3598527267383647,0.19459608732278583,0.5251093661539437
1993-02-01,0.6903000720475259,0.5936677586026884,0.7869323854923633,0.3446844901532485,0.17202535103467165,0.5173436292718253
1993-03-01,0.5490465439713569,0.415185839346742,0.6829072485959717,0.22089978477468236,0.010325329406035005,0.4314742401433297
1993-04-01,0.49876823420444427,0.41506576848550525,0.5824706999233833,0.6099919986434866,0.42039347486491163,0.7995905224220616
1993-05-01,0.43111150489420397,0.349378063208647,0.5128449465797609,0.7120535879449118,0.5364396621820091,0.8876675137078145
1993-06-01,0.49136286524865497,0.39957505861312986,0.5831506718841801,0.7552867305703214,0.6018153328200755,0.9087581283205672
1993-07-01,0.5076648234570219,0.3734233647523281,0.6419062821617156,0.8496196073280394,0.5927709783671814,1.1064682362888973
1993-08-01,0.5506305100077452,0.44125845868968683,0.6600025613258036,0.7881917292458441,0.5117737081197486,1.0646097503719396
1993-09-01,0.4963492473179972,0.40106103746277383,0.5916374571732205,0.6335292702419081,0.48421623805507225,0.7828423024287439
1993-10-01,0.3639612358775793,0.22282417264152846,0.5050982991136301,0.7363282816796549,0.45629262178439833,1.0163639415749115
1993-11-01,0.3772555501849279,0.24848840489591897,0.5060226954739369,0.6683591318903794,0.42177968903244223,0.9149385747483166
1993-12-01,0.5209580641897311,0.4281839389442141,0.6137321894352481,0.5282884414530763,0.25289806812440735,0.8036788147817453
1994-01-01,0.7846156515153254,0.6747717046237267,0.8944595984069241,0.3031748206096672,0.10085644938549893,0.5054931918338355
1994-02-01,0.8112916145543159,0.6912214044395535,0.9313618246690782,0.36392327053394763,0.15371349656894093,0.5741330444989543
1994-03-01,0.7745292753509994,0.6660099141857929,0.8830486365162058,0.35760025026557407,0.15099515626480992,0.5642053442663382
1994-04-01,0.5526189120097035,0.34172386097453966,0.7635139630448673,0.7499672830782784,0.5080191158360787,0.9919154503204781
1994-05-01,0.6571032415538854,0.5059359191248947,0.8082705639828762,0.6070332385077137,0.4283191025214989,0.7857473744939285
1994-06-01,0.7970626804620922,0.657755654414443,0.9363697065097414,0.6247830973946021,0.45984222837762456,0.7897239664115797
1994-07-01,0.512487943382605,0.22171029898106714,0.8032655877841428,0.6873609130795841,0.4706615869484662,0.904060239210702
1994-08-01,0.5464835799859632,0.14682151130889376,0.9461456486630326,0.6962252575672121,0.4930884802745603,0.8993620348598639
1994-09-01,0.579823050849415,0.26945556618235567,0.8901905355164743,0.7486086788503691,0.5272106244744047,0.9700067332263335
1994-10-01,0.17065765069326616,-0.2374091754989484,0.5787244768854807,0.9421775206429837,0.709204077385422,1.1751509639005453
1994-11-01,0.6332221881514453,0.3429967954654513,0.9234475808374392,1.2143287240820249,1.0101998179863962,1.4184576301776535
1994-12-01,0.6397526009591141,0.3576958087514651,0.9218093931667631,1.29614451292069,1.058144661542658,1.5341443642987223
1995-01-01,0.7407441216307927,0.4792478712820077,1.0022403719795778,0.916773772356582,0.6365497935057078,1.196997751207456
1995-02-01,0.8224915724306977,0.5024720817993047,1.1425110630620907,0.7671011067658067,0.3706576760098184,1.163544537521795
1995-03-01,0.8586888094993222,0.6247454129105818,1.0926322060880627,0.8881231917243776,0.5894982303329344,1.1867481531158208
1995-04-01,0.8206613486911517,0.6135071272506776,1.0278155701316258,0.4135016215473114,0.14127489642789864,0.6857283466667241
1995-05-01,0.9290995537902293,0.6288112230886793,1.2293878844917794,0.38742370057768205,0.13784907197456314,0.636998329180801
1995-06-01,0.8795427578453143,0.5811581599858262,1.1779273557048024,0.304319485765226,0.11587554807527356,0.49276342345517843
1995-07-01,0.48020569566833204,0.1638844254024408,0.7965269659342233,-0.25935995317104366,-0.5297342650179364,0.011014358675849156
1995-08-01,0.4099363403033231,-0.035403567669753055,0.8552762482763993,-0.11291857090601579,-0.553400224636237,0.3275630828242053
1995-09-01,0.46779413614268306,0.14689085858209033,0.7886974137032758,-0.13106821920635184,-0.6449945653836874,0.38285812697098376
1995-10-01,0.589722468039196,0.40261674442961054,0.7768281916487816,-0.03358343001605652,-0.2713739025473858,0.20420704251527277
1995-11-01,0.46063954632803134,0.23130723595234418,0.6899718567037185,0.1515738710512217,-0.1528181626256054,0.45596590472804877
1995-12-01,0.4599935029162442,0.25147718307533007,0.6685098227571583,0.060481076713683,-0.26234648771340896,0.383308641140775
1996-01-01,0.38529400830325433,0.18364134936243662,0.5869466672440721,-0.0539836299730512,-0.2506590486128607,0.1426917886667583
1996-02-01,0.7421269102471139,0.5912354366701403,0.8930183838240874,-0.39906574055214294,-0.6650925740684668,-0.13303890703581916
1996-03-01,0.8650114193984696,0.66084903441786,1.0691738043790793,-0.5012059419534676,-0.8178304717320584,-0.18458141217487678
1996-04-01,0.39398711815161486,0.19798756437757345,0.5899866719256562,0.0656490710149941,-0.3362369538369342,0.46753509586692243
1996-05-01,0.3480821936645025,0.1333873747570576,0.5627770125719473,0.19056830893198073,-0.10786754010770366,0.48900415797166513
1996-06-01,0.3812819030320406,0.2233090425998577,0.5392547634642235,0.1502144711300154,-0.007827633458609262,0.30825657571864007
1996-07-01,0.45440380328648244,0.1998667728832249,0.70894083368974,0.29009947899942984,0.11599038210656992,0.46420857589228975
1996-08-01,0.34656706569507395,0.05404466170512068,0.6390894696850272,0.15353662754194147,0.019708633158606936,0.287364621925276
1996-09-01,0.3679507323884922,0.08398210991035082,0.6519193548666335,0.12337032981264376,-0.07178791085699951,0.318528570482287
1996-10-01,0.3866564691690453,0.1485039295690902,0.6248090087690004,0.09600923510417855,-0.10766970183811131,0.2996881720464684
1996-11-01,0.43222128462705467,0.13234395846914077,0.7320986107849685,0.11467297109188213,-0.12621440823355168,0.35556035041731593
1996-12-01,0.38030958315671637,0.1560018571957311,0.6046173091177016,0.23449862563587393,0.05661486021255696,0.4123823910591909
1997-01-01,0.2706463910766775,0.09738693270381193,0.44390584944954303,0.5080590894526689,0.26268592814263403,0.7534322507627037
1997-02-01,0.2953028122845927,0.14279151707187837,0.44781410749730705,0.6818247740323468,0.40236358945962386,0.9612859586050697
1997-03-01,0.3063822441749476,0.09451605278143091,0.5182484355684642,0.6275109255387535,0.32561838067015075,0.9294034704073564
1997-04-01,0.2711166493982781,0.09805634283500145,0.4441769559615548,0.24586505298291197,-0.06189058952360624,0.5536206954894302
1997-05-01,0.2738632566380367,0.10010488083475658,0.4476216324413168,0.25502996755446455,-0.07633593272218403,0.5863958678311132
1997-06-01,0.3382388529588673,0.15032801573352672,0.5261496901842079,0.2818385214409003,-0.04221120105548104,0.6058882439372817
1997-07-01,0.38827917568549447,0.23638108274797925,0.5401772686230097,-0.009074076168040348,-0.16570048999777665,0.14755233766169595
1997-08-01,0.40999083612718684,0.269981791606832,0.5499998806475417,0.027432239843277622,-0.13005977338141428,0.1849242530679695
1997-09-01,0.3149650491247533,0.23892156307787504,0.3910085351716316,0.04689461014992571,-0.0928570283725215,0.18664624867237292
1997-10-01,0.18065982662922592,0.07767888010952619,0.28364077314892566,0.010673197194353622,-0.10935377415596946,0.1307001685446767
1997-11-01,0.22666088197132553,0.12475763917167448,0.3285641247709766,-0.014110837269139635,-0.15603794373782823,0.12781626919954894
1997-12-01,0.2534911458213987,0.1579332473805066,0.3490490442622908,0.11739189964229416,0.00928361406567453,0.2255001852189138
1998-01-01,0.47523462736564437,0.3567766650855598,0.593692589645729,-0.07121842870530032,-0.18493684129492885,0.04249998388432821
1998-02-01,0.43861972208619354,0.35127559274664144,0.5259638514257456,0.07474672464655915,-0.007875440999279226,0.15736889029239753
1998-03-01,0.4275673633967032,0.33974763602929714,0.5153870907641093,0.09055103530317085,0.006357276398055098,0.1747447942082866
1998-04-01,0.4809958987403582,0.4078045370070438,0.5541872604736726,0.005914875666048243,-0.06322602895029732,0.0750557802823938
1998-05-01,0.35130218650305606,0.22230102496617965,0.48030334803993247,-0.013668224500978545,-0.06633810018414613,0.03900165118218903
1998-06-01,0.49662803186059884,0.41669238836928313,0.5765636753519146,0.044472899406679714,-0.02545267181394467,0.1143984706273041
1998-07-01,0.18503707660265128,-0.02556993106018171,0.39564408426548425,-0.03304969538561665,-0.12363812182300107,0.05753873105176777
1998-08-01,0.5741605827945231,0.48172206036652726,0.6665991052225189,0.040385773954224484,-0.017545115821940342,0.0983166637303893
1998-09-01,0.4672989183826683,0.40547677475999694,0.5291210620053397,-0.07930169081068225,-0.14381276649503622,-0.014790615126328274
1998-10-01,0.4862705088465709,0.4267849808675649,0.5457560368255769,-0.21649220602000344,-0.31080217485775874,-0.1221822371822481
1998-11-01,0.1868332727472812,0.056116598835038084,0.3175499466595243,-0.31475270974232666,-0.567058243050159,-0.06244717643449438
1998-12-01,0.2880754259411474,0.0987807911181536,0.4773700607641411,-0.09253975482556229,-0.20521082793912257,0.020131318287997996
1999-01-01,0.3308703197560377,0.1752193952673875,0.4865212442446879,0.11983139228793584,-0.08349013903085016,0.3231529236067218
1999-02-01,0.27213881683798175,0.1612689228953263,0.3830087107806372,0.2779439503103865,0.0787933942708409,0.4770945063499321
1999-03-01,0.29541090768187206,0.25555112521527246,0.33527069014847166,0.26711614359790037,0.10730258944812374,0.426929697747677
1999-04-01,0.2289402909566767,0.1598347639967283,0.2980458179166251,0.1183853663723591,0.00676076725999207,0.23000996548472613
1999-05-01,0.19401974256771581,0.13736351264165844,0.2506759724937732,0.1906802030446927,0.09172135489240793,0.2896390511969774
1999-06-01,0.1900640473248277,0.1527120567797471,0.2274160378699083,0.22564431852014005,0.10948637901031459,0.3418022580299655
1999-07-01,0.23334955706075075,0.11442981044250582,0.35226930367899567,0.3993340468836685,0.27317117469432617,0.5254969190730109
1999-08-01,0.17367389631774982,0.07156279345707175,0.2757849991784279,0.4815490909601492,0.29849966655512605,0.6645985153651723
1999-09-01,0.2046141931061699,0.16493612618631964,0.24429226002602017,0.3521081514177259,0.21469538213249842,0.4895209207029534
1999-10-01,0.18705035579609622,0.08944915187805716,0.28465155971413525,0.009304289837554967,-0.11984895245140739,0.13845753212651732
1999-11-01,0.1330491093829167,0.03848950008510346,0.22760871868072993,-0.033266926331951795,-0.15254803762023275,0.08601418495632915
1999-12-01,0.12671757886651142,0.023497884260192184,0.22993727347283066,0.021973959892458525,-0.1189460779196816,0.16289399770459867
2000-01-01,0.09161974392928737,-0.0512296246960767,0.23446911255465144,-0.0999507720717696,-0.2282008283411205,0.028299284197581306
2000-02-01,-0.056508424650632966,-0.1857355135581968,0.07271866425693088,-0.21084312154732712,-0.3760908128544811,-0.04559543024017318
2000-03-01,-5.313332186037679e-4,-0.2036850660414012,0.20262239960419368,-0.36780057247747905,-0.6256828359951139,-0.10991830895984422
2000-04-01,0.315308996619645,0.14902980385392484,0.4815881893853652,-0.12384403089236397,-0.2591634220745464,0.011475360289818451
2000-05-01,0.30871835187918606,0.17180705209643865,0.44562965166193347,-0.19075623900415042,-0.3533404199942239,-0.02817205801407696
2000-06-01,0.27231879816581,0.07769209916586786,0.4669454971657522,-0.1986450241035771,-0.4367893227166214,0.03949927450946719
2000-07-01,0.20874433951144244,0.08753609170321641,0.3299525873196685,0.05318949516561337,-0.11064942702380057,0.2170284173550273
2000-08-01,0.1695254019513923,0.05042897902060771,0.28862182488217686,0.01794220845982476,-0.13830713870946415,0.17419155562911365
2000-09-01,0.2508767643947674,0.1021830328571906,0.3995704959323442,0.055551952351261126,-0.0741557529148297,0.18525965761735194
2000-10-01,0.23783994369996408,0.07476408376680721,0.40091580363312096,0.22638170957538942,0.048134671054636036,0.4046287480961428
2000-11-01,0.20417964698828578,0.04401998066394586,0.3643393133126257,0.23781532297746846,0.05226570099220945,0.4233649449627275
2000-12-01,0.2176738593219703,0.08676124226388615,0.34858647638005447,0.2928581280685862,0.1165831987813353,0.4691330573558371
2001-01-01,0.3220572376194099,0.16961335262499444,0.4745011226138254,0.6786863581564745,0.5439389988056907,0.8134337175072582
2001-02-01,0.2933869374634437,0.1931158254301487,0.39365804949673866,0.46319860166370647,0.2932332847561253,0.6331639185712876
2001-03-01,0.4442335847948748,0.29354143683418354,0.594925732755566,0.3401674464140383,0.1651109793887501,0.5152239134393265
2001-04-01,0.31696625044038246,0.16219791458678687,0.471734586293978,0.08517895769572559,-0.03794526388736727,0.20830317927881845
2001-05-01,0.265225764789112,0.0890595622852264,0.44139196729299757,0.03639759669001686,-0.12572082095688572,0.19851601433691943
2001-06-01,0.3492007897925874,0.1185104454956043,0.5798911340895705,-0.10146999564426834,-0.3096994329679223,0.10675944167938561
2001-07-01,0.07234014709929847,-0.09268750819034506,0.237367802388942,-0.42793722340731793,-0.6513482900572163,-0.20452615675741964
2001-08-01,0.15935738712424558,-0.02237275026551913,0.34108752451401025,-0.3644253405940707,-0.5772830331100048,-0.1515676480781366
2001-09-01,0.06576243363092167,-0.126795706908367,0.2583205741702103,-0.008534238210939371,-0.2449734044609112,0.22790492803903245
2001-10-01,-0.08894785430153573,-0.3898969308090122,0.21200122220594075,0.4187426993155782,-0.1417570177857222,0.9792424164168787
2001-11-01,0.07400332097170571,-0.19626243716473113,0.34426907910814253,0.2893886255534359,-0.25115919944044274,0.8299364505473146
2001-12-01,-0.01711537254430093,-0.25192965165785103,0.21769890656924915,0.8419974695829465,0.3802329377223624,1.3037620014435307
2002-01-01,0.19071974928856517,0.06423274982801591,0.3172067487491144,0.8861925354488632,0.6761568329106487,1.0962282379870778
2002-02-01,0.2842736639810193,0.11386239100878917,0.4546849369532494,0.7041641863862715,0.49777181139035287,0.9105565613821902
2002-03-01,0.2970549623216298,0.11870860359721042,0.4754013210460492,0.6977378212158779,0.4950619865830398,0.900413655848716
2002-04-01,0.5370384158574381,0.08184890731443734,0.9922279244004388,0.849822704270885,0.5269939219404551,1.172651486601315
2002-05-01,0.7648253082899737,0.26914481670296386,1.2605057998769835,0.7340691832277882,0.4258291622766262,1.0423092041789503
2002-06-01,0.9888150819801605,0.5182543394563262,1.459375824503995,0.5176995322108178,0.19083929812294992,0.8445597662986857
2002-07-01,1.231344859198036,0.8087522321979614,1.6539374861981107,0.47961294495867396,0.19021195870347601,0.769013931213872
2002-08-01,1.2619757745334814,0.8488918955694383,1.6750596534975246,0.27764469385800983,0.03070315149667205,0.5245862362193476
2002-09-01,0.8227022464895859,0.4601383793410296,1.1852661136381422,0.3646727429558438,0.0725835043840583,0.6567619815276293
2002-10-01,1.180678547958338,0.9012083990896256,1.4601486968270503,0.5184305946245292,0.16235698091420386,0.8745042083348546
2002-11-01,0.9372844891745881,0.6353443323899592,1.2392246459592169,0.14942897602037838,-0.11047160614879245,0.4093295581895492
2002-12-01,0.8898155621424215,0.5840913156488494,1.1955398086359936,0.1393659971917191,-0.1343708761651386,0.4131028705485768
2003-01-01,1.098248664780742,0.7839100946503248,1.412587234911159,0.20624166724696402,-0.038704277490019035,0.4511876119839471
2003-02-01,1.0262978709846973,0.7244203000662877,1.3281754419031069,0.17138063655475766,-0.08303395649289769,0.425795229602413
2003-03-01,0.8961786348672337,0.603459393211573,1.1888978765228944,0.19325366178095657,-0.01406095684534317,0.40056828040725634
2003-04-01,0.886513409296058,0.40146379068864435,1.3715630279034716,-0.3643589002750339,-0.7223090752433499,-0.006408725306717933
2003-05-01,1.0917336644728914,0.6991396416224365,1.4843276873233464,-0.1175013749991251,-0.40265458400207094,0.16765183400382072
2003-06-01,0.7357814375159687,0.42063646109329733,1.05092641393864,-0.02237148932230096,-0.2727116281277032,0.22796864948310128
2003-07-01,0.6213638861833605,0.4548486854441087,0.7878790869226122,0.4749542011077916,0.23134495096478225,0.7185634512508009
2003-08-01,0.49111151637304395,0.3655941754192674,0.6166288573268205,0.43128389588350674,0.19632268249126245,0.6662451092757511
2003-09-01,0.5582173023937825,0.41320542304177166,0.7032291817457934,0.37007369216775177,0.15649697318520528,0.5836504111502983
2003-10-01,0.9385278558803015,0.6374205520005198,1.2396351597600832,0.15109025667844916,-0.1481288421115151,0.45030935546841344
2003-11-01,0.9678328799987281,0.7130514758418695,1.2226142841555867,0.11704062292612158,-0.15618570170595178,0.3902669475581949
2003-12-01,0.9626683868079176,0.7111186171673467,1.2142181564484884,0.14825712218579584,-0.13537128046104824,0.4318855248326399
2004-01-01,0.8887336916531795,0.3188638266444319,1.458603556661927,0.41217272972369356,-0.1905524456945369,1.014897905141924
2004-02-01,1.0227647958541712,0.5360192908438106,1.5095103008645319,0.3441096586905542,-0.23671183115782846,0.9249311485389369
2004-03-01,0.8664978108976117,0.5122302290175398,1.2207653927776836,0.2546737497599513,-0.23003196628102313,0.7393794658009256
2004-04-01,0.982562356108993,0.5124300554584378,1.4526946567595482,-0.17462148892881948,-0.5884245402811149,0.2391815624234759
2004-05-01,1.0378266238541307,0.6789646298254535,1.396688617882808,-0.39676423139340966,-0.7746015869523455,-0.01892687583447389
2004-06-01,1.115133829143105,0.7581432637202663,1.4721243945659437,-0.6955622253347359,-0.9977567038341695,-0.3933677468353023
2004-07-01,1.2703357967721218,0.9288847714664006,1.611786822077843,-0.7327089139402009,-1.033358915353427,-0.4320589125269747
2004-08-01,1.20995539791323,0.8224595371148582,1.5974512587116019,-0.7488530182787934,-1.0670533120344903,-0.43065272452309655
2004-09-01,1.1134241915103953,0.6140605065392688,1.6127878764815218,-0.8227029149851658,-1.2253277360776167,-0.42007809389271483
2004-10-01,1.3519736907257902,0.815833080299852,1.8881143011517283,-0.8971516707234102,-1.4323460338868985,-0.36195730755992184
2004-11-01,1.0470855522705211,0.601465559979784,1.4927055445612583,-1.0214037931096709,-1.3766424336202199,-0.6661651525991219
2004-12-01,1.036438152173052,0.5787784330946135,1.4940978712514903,-0.9791900749117789,-1.3491228962958597,-0.6092572535276981
2005-01-01,0.9075335076751987,0.5225886384391645,1.292478376911233,-0.9088841815878254,-1.2138782761143916,-0.6038900870612592
2005-02-01,0.8543728680194481,0.4350121254427708,1.2737336105961254,-1.1972067238642454,-1.4912557938176598,-0.903157653910831
2005-03-01,0.8202527984827708,0.39514828183902584,1.2453573151265158,-1.1335232635564028,-1.4423064977677102,-0.8247400293450953
2005-04-01,0.6635757643929494,0.16843409709709584,1.158717431688803,-0.9088155845665841,-1.1692879757890728,-0.6483431933440953
2005-05-01,0.5302982961017692,0.10635148944485773,0.9542451027586806,-1.0276692300217931,-1.3269987504933156,-0.7283397095502705
2005-06-01,0.6732931078882569,0.2588985424920573,1.0876876732844565,-0.9159350900916979,-1.1660427200958072,-0.6658274600875886
2005-07-01,0.613366123257022,0.16896952395605702,1.057762722557987,-0.02583437272952572,-0.6871143907642443,0.6354456453051929
2005-08-01,0.4648785980321153,0.10782842813728827,0.8219287679269422,-0.292503620680598,-0.9968204085113329,0.41181316715013694
2005-09-01,0.5394975012190714,0.16914067877210087,0.9098543236660419,-0.49057930649280035,-1.1449643981047606,0.16380578511915977
2005-10-01,0.32865453919108034,0.13266785048195226,0.5246412279002084,-0.10209844272099132,-0.1725505901299211,-0.031646295312061534
2005-11-01,0.5997213500335224,0.37923313400881825,0.8202095660582267,-0.10286087723092385,-0.1908491860327502,-0.01487256842909751
2005-12-01,0.5281272962314403,0.23907043609447753,0.817184156368403,-0.11995485996144195,-0.21973533581129506,-0.02017438411158884
2006-01-01,0.43912252798811463,0.28670415840837504,0.5915408975678542,-0.06934246122333108,-0.14275142496492804,0.00406650251826586
2006-02-01,0.4603267807417887,0.2935974931956934,0.627056068287884,-0.0793835962058418,-0.15574637687463433,-0.0030208155370492623
2006-03-01,0.3889943681444534,0.2467006963193294,0.5312880399695774,-0.11517189589006625,-0.22432748219136656,-0.006016309588765964
2006-04-01,0.5590196718449709,0.36199143235822034,0.7560479113317216,-0.061473455702423394,-0.07988542995757494,-0.04306148144727185
2006-05-01,0.554289728161353,0.3435377258852865,0.7650417304374195,-0.07871734332521363,-0.1123728598709412,-0.04506182677948606
2006-06-01,0.4106325391237685,0.1820702353661491,0.639194842881388,-0.0989833842117746,-0.15972277868529808,-0.03824398973825113
2006-07-01,0.6332840421515628,0.45106159517460837,0.8155064891285171,0.18927510196336578,0.10917056729010301,0.26937963663662856
2006-08-01,0.67126101861286,0.5230284297055562,0.8194936075201639,0.2368971421419565,0.1725126792616935,0.3012816050222195
2006-09-01,0.5446285109270554,0.4051337140159152,0.6841233078381956,0.20735111956184915,0.14497821430973407,0.26972402481396424
2006-10-01,0.4906036330584117,0.3110595362212577,0.6701477298955657,0.15904387347137558,-0.0071827805968325,0.32527052753958363
2006-11-01,0.8068207859000168,0.648957627326641,0.9646839444733927,0.022381331031585922,-0.09310158637821607,0.13786424844138792
2006-12-01,0.8529139556183688,0.7201525778528518,0.9856753333838858,-0.05057699308657096,-0.12820054153773955,0.02704655536459763
2007-01-01,0.7066630828984838,0.5277499483442718,0.8855762174526958,-0.014837682151957536,-0.168614869106963,0.1389395048030479
2007-02-01,0.2645034985874542,-0.04149008044013652,0.5704970776150449,-0.11095233594706934,-0.3311425586133639,0.1092378867192252
2007-03-01,0.221651873036549,-0.05710031785084532,0.5004040639239433,-0.11856770682059317,-0.3449203942115736,0.10778498057038724
2007-04-01,0.10448889847123251,-0.0900626075561964,0.2990404044986614,0.20413674136506849,-0.021370361537681654,0.42964384426781865
2007-05-01,0.21880853985606158,-0.1537150157498116,0.5913320954619348,0.19892510636241392,0.04971582222572901,0.34813439049909883
2007-06-01,0.4270390900093526,0.1079371322635514,0.7461410477551538,0.16207869656900456,0.06844553768052362,0.2557118554574855
2007-07-01,0.30592734236223357,0.10821261750618341,0.5036420672182838,0.21649135298188457,0.11413805223175702,0.3188446537320121
2007-08-01,0.3711351421528021,0.1437508457548843,0.5985194385507199,0.2215552748052163,0.10769373936933281,0.3354168102410998
2007-09-01,0.368198279900546,0.042359651748011984,0.6940369080530799,0.25190325967909266,0.10344723637881784,0.4003592829793675
2007-10-01,0.19631877033936668,-0.012495067641247165,0.40513260831998055,0.08630121689751478,-0.0010295066284601584,0.17363194042348973
2007-11-01,0.2356695630741445,0.03890239283979782,0.4324367333084912,0.12406444830026175,0.03952290050987983,0.20860599609064367
2007-12-01,0.6294691358121302,0.45706023707863264,0.8018780345456277,0.06116683574707296,-0.01062896921855494,0.13296264071270086
2008-01-01,0.6407564161006454,0.47415154405070614,0.8073612881505846,-0.05551949872770806,-0.15031041966673306,0.039271422211316936
2008-02-01,0.5998257757628644,0.429390022239018,0.7702615292867109,-0.11884341616447312,-0.33486273832836966,0.0971759059994234
2008-03-01,0.5164489696096862,0.3485410074544841,0.6843569317648883,-0.09639950042567919,-0.32920544215455594,0.1364064413031976
2008-04-01,0.14957787290032878,-0.06872742486042496,0.36788317066108256,-0.27654019478386194,-0.46284274460509134,-0.09023764496263251
2008-05-01,0.39674119951090797,0.1723104016875298,0.6211719973342862,-0.35703926852293133,-0.5264209198269867,-0.18765761721887592
2008-06-01,0.04856112353217215,-0.171988817126854,0.2691110641911983,-0.18324932213923217,-0.36444532523936,-0.002053319039104301
2008-07-01,0.19861935477623285,-0.04913065817891982,0.4463693677313855,-0.3135388483528942,-0.4228993862201571,-0.20417831048563126
2008-08-01,0.1590289870923897,-0.006135977573564544,0.3241939517583439,-0.26696896841642975,-0.3565853919986008,-0.17735254483425872
2008-09-01,0.23174310916066795,0.058583729736022605,0.4049024885853133,-0.27905651121052505,-0.37364899731998086,-0.18446402510106924
2008-10-01,0.3515988654648352,0.059322612907983185,0.6438751180216873,-0.2884441526655367,-0.44381710025848164,-0.13307120507259174
2008-11-01,-0.14033177852698447,-0.3321752914405952,0.05151173438662626,0.0925344840304839,-0.05505972766263931,0.2401286957236071
2008-12-01,-0.1778952488120704,-0.332168156489804,-0.023622341134336727,0.1738549422105113,0.07608979664627095,0.2716200877747516
2009-01-01,-0.082997305483633,-0.20534463421889637,0.03935002325163038,0.13742083369687633,0.07755323954655051,0.19728842784720213
2009-02-01,-0.025627648522345003,-0.158205872092123,0.106950575047433,0.10836671979196504,0.054426851655225504,0.16230658792870456
2009-03-01,0.00763615128039754,-0.09275383783473011,0.1080261403955252,0.08357811289955232,0.036734141522160514,0.13042208427694413
2009-04-01,0.337336848918829,0.08162794324356537,0.5930457545940926,0.108621725597425,0.04849554169747508,0.16874790949737492
2009-05-01,0.36183610761545226,0.11605683098084271,0.6076153842500618,0.10284179834442755,0.047054977718340725,0.1586286189705144
2009-06-01,0.38658569326206627,0.14589947980068527,0.6272719067234472,0.08792805512989003,0.03766406670150605,0.13819204355827402
2009-07-01,0.7103445479347889,0.542473160702242,0.8782159351673356,0.03779115348894338,0.006337154861371361,0.0692451521165154
2009-08-01,0.630798184450499,0.4444355857070722,0.8171607831939257,0.03485028001700714,-0.0020646014482749928,0.07176516148228929
2009-09-01,0.5336037546275826,0.3651071969361711,0.7021003123189941,0.015986247934365237,-0.023441279994028643,0.05541377586275911
2009-10-01,0.70966943203533,0.49869166118625474,0.9206472028844052,0.19172897834473118,-0.04248946575265827,0.42594742244212064
2009-11-01,0.6791532795483848,0.4650426790255928,0.8932638800711767,0.16251290086425021,-0.05426852549295513,0.37929432722145556
2009-12-01,0.5845903812181118,0.39770747458784367,0.7714732878483799,0.11946160611447852,-0.0201326636952968,0.25905587592425383
2010-01-01,0.8291993486394794,0.683931818913206,0.9744668783657529,0.22837459143017838,0.09011578150821545,0.3666334013521413
2010-02-01,0.7963874620125371,0.648865244285397,0.9439096797396771,0.2349321273364673,0.08992795900958372,0.37993629566335085
2010-03-01,0.7962256111020677,0.6283778545250823,0.964073367679053,0.24754696432427206,0.10063939449034576,0.39445453415819837
2010-04-01,0.6809321697594674,0.5750005658595025,0.7868637736594322,0.5323184578994544,0.37992502249489923,0.6847118933040096
2010-05-01,0.6384830852852864,0.5346391254608258,0.742327045109747,0.592862107027757,0.41783172671763924,0.7678924873378747
2010-06-01,0.43000050927054917,0.3469247051581284,0.51307631338297,0.59491385636622,0.43131850823835205,0.7585092044940879
2010-07-01,0.4566443194451999,0.28320945480334936,0.6300791840870504,0.6145455669702011,0.39792306503282177,0.8311680689075804
2010-08-01,0.37381628276106493,0.20141384864104464,0.5462187168810853,0.456775977209975,0.2181991245471087,0.6953528298728413
2010-09-01,0.29466991209965854,0.1083644095071365,0.4809754146921806,0.3576344951023225,0.1480403014266997,0.5672286887779453
2010-10-01,0.6170184628250502,0.35999706445317436,0.8740398611969261,0.15887971894221797,-0.10382201700622584,0.4215814548906618
2010-11-01,0.3856749175681444,0.15641977716019942,0.6149300579760895,0.060326586433115656,-0.10805141304880735,0.22870458591503867
2010-12-01,0.27874538343711225,0.09249239449800423,0.46499837237622027,0.06979246019670693,-0.09208813660046802,0.23167305699388188
2011-01-01,0.4485602419418878,0.24350154245342195,0.6536189414303537,0.04341142207438579,-0.15131549282173118,0.23813833697050274
2011-02-01,0.4048542555120382,0.18935524895244027,0.6203532620716361,0.010092781621564528,-0.1421997941219398,0.16238535736506884
2011-03-01,0.39230952988244866,0.21268659446288415,0.5719324653020131,-0.044233714568781245,-0.17097982777689824,0.08251239863933574
2011-04-01,0.6733274845808447,0.40329587005003364,0.9433590991116557,0.012240220256787285,-0.1376243091901437,0.16210474970371827
2011-05-01,0.6545964099114001,0.4049893848851767,0.9042034349376236,-0.040630142242737775,-0.17167600694092514,0.09041572245544957
2011-06-01,0.6720132613885138,0.38955464671494355,0.9544718760620841,0.01140116512934146,-0.11596940847565797,0.1387717387343409
2011-07-01,1.039316734676595,0.7934693011651137,1.2851641681880763,0.1990803980998556,0.0575786130589416,0.3405821831407696
2011-08-01,0.9845232742783696,0.7549658389121545,1.2140807096445847,0.2515845364691777,0.1341827277087383,0.36898634522961715
2011-09-01,0.041799656432849504,0.018281585453359714,0.0653177274123393,-0.012956044925812092,-0.019591275766941717,-0.006320814084682466
2011-10-01,0.057467486500346776,0.026431079131686016,0.08850389386900753,-0.0028776637948584693,-0.011425201661477962,0.0056698740717610226
2011-11-01,0.059162742119882004,0.025211642527895622,0.09311384171186839,-0.00876836610140023,-0.01646131846537303,-0.001075413737427428
2011-12-01,0.06220926767253588,0.026535838177400184,0.09788269716767158,-0.010196966660757202,-0.016669495997705733,-0.0037244373238086723
2012-01-01,0.0909358473848469,0.03532168822412062,0.14655000654557318,0.0038331853672639803,-0.018952478995565434,0.026618849730093392
2012-02-01,0.04768144129685181,0.02797132067156143,0.0673915619221422,0.00860844765095537,-0.00363918966657604,0.02085608496848678
2012-03-01,0.04786108207017173,0.023707423574723014,0.07201474056562045,0.007609391016381623,-0.004761202913415331,0.019979984946178576
2012-04-01,0.1271673344386474,0.06390073667661805,0.19043393220067673,0.08236288633056676,0.009528496467833172,0.15519727619330037
2012-05-01,0.12304978885764098,0.05522200531855165,0.1908775723967303,0.05023684358969666,-0.008455087711058504,0.10892877489045183
2012-06-01,0.10834187012162912,0.052727834489805184,0.16395590575345304,0.09660130962755152,0.03115613089622822,0.1620464883588748
2012-07-01,0.19455731431885817,0.0890036104414847,0.30011101819623165,0.03142079069954241,-0.01655360039392103,0.07939518179300584
2012-08-01,0.1191586447068691,0.028621805925092045,0.20969548348864614,0.02499288548249745,-0.014181924458478483,0.06416769542347339
2012-09-01,0.06715031279858069,6.667222099179804e-4,0.1336339033872434,0.019969499134673493,-0.007722259682231003,0.04766125795157799
2012-10-01,0.07182070926276,0.003570165337955719,0.1400712531875643,0.013154432052471068,-8.876954255926904e-4,0.027196559530534826
2012-11-01,0.07919629507382224,0.0076239577212896675,0.1507686324263548,0.026079384407320036,-0.010907559464610049,0.06306632827925013
2012-12-01,0.015496543847969566,0.004216220021531606,0.026776867674407526,0.0015086122776772183,-0.004140512273053768,0.0071577368284082045
2013-01-01,0.01973735154679383,0.0043723054002127015,0.035102397693374955,0.004621689010813724,-0.009934249855258547,0.019177627876885994
2013-02-01,0.010179812963070285,-7.014805010493921e-4,0.02106110642718996,0.01487276199567869,-0.003281769189225677,0.03302729318058306
2013-03-01,0.013672752357250637,0.0015951823030448259,0.025750322411456448,0.021636541880662843,-2.3374890687696825e-6,0.04327542125039446
2013-04-01,0.03795440180678095,0.016250452384313635,0.05965835122924827,0.047435663185930996,-0.009040249443316696,0.10391157581517868
2013-05-01,0.028518648189511997,0.013951004805965915,0.04308629157305808,0.03743762951422669,-0.00472637083900123,0.07960162986745462
2013-06-01,0.016989244062680008,0.004521510297738337,0.02945697782762168,0.03338135628609194,-0.002234361760547858,0.06899707433273175
2013-07-01,0.03535929857539507,0.0043285570210282835,0.06639004012976185,0.05628198769768805,-0.01093443845330537,0.12349841384868147
2013-08-01,0.03598474368713422,0.017326689612855342,0.05464279776141309,0.0212818258179037,-0.011522440722524556,0.05408609235833196
2013-09-01,0.04213030652536781,0.003248585114963898,0.08101202793577172,0.02353109865146227,-0.012937251153701899,0.05999944845662644
2013-10-01,0.07173269908642337,0.004926015567352726,0.138539382605494,0.03541437374033654,-0.0341785881954233,0.10500733567609638
2013-11-01,0.02916595167267796,0.001244754405111053,0.05708714894024487,0.060185846622037596,-9.531830046642792e-4,0.12132487624873947
2013-12-01,0.012255572962963316,-0.011941767050709408,0.03645291297663604,0.06970310784349566,-0.003640491000401161,0.1430467066873925
2014-01-01,0.09222214314009294,0.03560797067561856,0.14883631560456734,0.011501922193432788,-0.04155103460677152,0.0645548789936371
2014-02-01,0.10086147401193744,0.0439516444497736,0.1577713035741013,0.02807600789778181,-0.02158692197174825,0.07773893776731187
2014-03-01,0.08851543852036284,0.04306352708551348,0.1339673499552122,0.03896353111735862,-0.030879186852873344,0.10880624908759058
2014-04-01,0.24883973007910168,0.12392193351930145,0.37375752663890194,0.11911859268832549,-0.09703436504122763,0.3352715504178786
2014-05-01,0.2534128647676526,0.12620046877707636,0.3806252607582289,0.20935194966688755,0.0744843978970986,0.3442195014366765
2014-06-01,0.2508012788845444,0.11627165654512808,0.38533090122396074,0.12340339602151247,0.04885513369178815,0.1979516583512368
2014-07-01,0.46952654763005963,0.272027203824451,0.6670258914356683,0.3309514248058944,0.19472850644340423,0.4671743431683846
2014-08-01,0.5135274939398845,0.31885235886364777,0.7082026290161212,0.4270038618207979,0.23180049119468804,0.6222072324469078
2014-09-01,0.48348471833971174,0.2997311574183657,0.6672382792610578,0.34680102290955805,0.19964706872280377,0.4939549770963123
2014-10-01,0.5610745409787801,0.37117065070530264,0.7509784312522575,0.5134923032719269,0.3144461967691373,0.7125384097747164
2014-11-01,0.5308209940993351,0.3714093369660112,0.6902326512326591,0.3692469602224898,0.2491615104762353,0.48933240996874433
2014-12-01,0.47787480793976084,0.32468538353575427,0.6310642323437674,0.4197324784565296,0.314133063556503,0.5253318933565562
2015-01-01,0.6465040980028791,0.38102518386065043,0.9119830121451078,0.2495530289216783,0.16452641877663438,0.3345796390667222
2015-02-01,0.5593462759339336,0.3297244122299831,0.788968139637884,0.19607455611292843,0.1084716413573945,0.28367747086846234
2015-03-01,0.46363637358744964,0.22081322907916007,0.7064595180957391,0.2270167659943466,0.1301362966803502,0.32389723530834297
2015-04-01,0.8601202698425378,0.4371266922334945,1.283113847451581,0.1554095520691389,0.0025499381918535347,0.3082691659464243
2015-05-01,0.9746567697543339,0.6145800839305584,1.3347334555781094,0.07538774303673533,-0.041375090219811075,0.19215057629328175
2015-06-01,1.0590806072456513,0.6394615577508143,1.4786996567404884,0.02747571557327053,-0.10411621377802216,0.1590676449245632
2015-07-01,1.508769015001125,1.2979028970185265,1.7196351329837236,-0.006825247102723055,-0.0801162490686132,0.06646575486316708
2015-08-01,1.4978889334880303,1.267338225696351,1.7284396412797096,0.013506539303245326,-0.07632758581588724,0.1033406644223779
2015-09-01,1.107733779743789,0.8939997679233653,1.3214677915642126,0.08143623097265518,0.007705478579030783,0.15516698336627957
2015-10-01,0.9798497896589577,0.7655201751647933,1.1941794041531222,0.29784468013436116,0.17612499148258295,0.41956436878613934
2015-11-01,0.8541857111286991,0.5874035909387136,1.1209678313186846,0.30091501353259925,0.18438733946710145,0.41744268759809705
2015-12-01,0.9239562273733227,0.6879725331897575,1.159939921556888,0.23391211005264953,0.12535573612315648,0.3424684839821426
2016-01-01,0.9468754742847643,0.767997735109654,1.1257532134598747,0.3070330640008219,0.18085097102056616,0.4332151569810777
2016-02-01,0.830887186194433,0.6710765838483123,0.9906977885405538,0.16021118705919207,0.06112026670205324,0.2593021074163309
2016-03-01,0.6745187212354877,0.5908633785651948,0.7581740639057807,0.18883469646036147,0.12490519571728728,0.2527641972034357
2016-04-01,0.7388232342978168,0.525849067255842,0.9517974013397916,0.2181871973977195,0.11042692090649069,0.3259474738889483
2016-05-01,0.6880830835990739,0.491233519691316,0.8849326475068318,0.21756464225987188,0.10786361741872126,0.3272656671010225
2016-06-01,0.7432023151906987,0.5300741774482487,0.9563304529331487,0.1472476414506214,0.04398877515736206,0.2505065077438808
2016-07-01,1.0762754707306004,0.8804825721769578,1.272068369284243,0.027062933783858264,-0.1054800094338775,0.15960587700159404
2016-08-01,0.8150115656767687,0.6001810467118451,1.0298420846416922,0.09650560911164954,-0.07796836797492371,0.2709795861982228
2016-09-01,0.6960994750814957,0.538199340456427,0.8539996097065644,0.09879814575737703,-0.037695820600135266,0.23529211211488932
2016-10-01,0.8412980045061544,0.7211240147434974,0.9614719942688115,0.0863592805253079,-0.03691750428679272,0.20963606533740853
2016-11-01,0.8066132521621143,0.6588327802561607,0.954393724068068,0.05836128715816571,-0.08242114851550245,0.19914372283183387
2016-12-01,0.8495038627243982,0.7813282782479555,0.9176794472008408,-0.03459866009504214,-0.13451769286948195,0.06532037267939769
2017-01-01,0.7658174752359099,0.6905973527202443,0.8410375977515756,-0.08423161740752896,-0.22714364381392108,0.05868040899886315
2017-02-01,0.803532869569587,0.7122055154760729,0.8948602236631011,-0.13870348546530903,-0.3170258426186695,0.03961887168805142
2017-03-01,0.8326492506005595,0.7536482839416608,0.9116502172594582,-0.09986188878095828,-0.22550962734943886,0.025785849787522297
2017-04-01,0.76300493775201494,0.6972249370518289,0.828784938452201,0.14373843635785893,0.013863640577048336,0.2736132321386695
2017-05-01,0.73520607785922365,0.6672774810904002,0.8031346746280471,0.25604463988748283,0.12712344565430847,0.3849658341206572
2017-06-01,0.646472234728693,0.5790976399131552,0.7138468295442307,0.3844776923956214,0.21924176971004408,0.5497136150811988
2017-07-01,0.6274239448375757,0.5463408742105277,0.7085070154646237,0.3777681394796327,0.23757500950876614,0.5179612694504994
2017-08-01,0.5675643699781342,0.4869337526076783,0.64819498734859,0.42613365863191754,0.27587013495722856,0.5763971823066065
2017-09-01,0.6017955253041477,0.5128627430635468,0.6907283075447486,0.4029732827660902,0.27078253462369006,0.5351640309084903
2017-10-01,0.9899438433323774,0.8891653136925117,1.090722372972243,-0.16475959769066717,-0.23827452093648865,-0.0912446744448457
2017-11-01,0.8870556458731548,0.7808326303086123,0.9932786614376973,-0.233748792140743,-0.3324289839464325,-0.13506860033505355
2017-12-01,0.8790478511927254,0.7734080235569265,0.9846876788285244,-0.24589906900194508,-0.35880482283327614,-0.13299331517061402
2018-01-01,0.9271879524922215,0.8194677939439001,1.034908111040543,-0.06708004542275478,-0.2347229467007748,0.10056285585526523
2018-02-01,0.8593095226677641,0.76248935832324,0.9561296870122881,-0.114511241185942,-0.21687313062908886,-0.012149351742795148
2018-03-01,0.7873326277279791,0.7194687340918149,0.8551965213641433,-0.08688149558779049,-0.1481331314378113,-0.02562985973776969
2018-04-01,0.8667365225125403,0.7551359618774384,0.9783370831476422,-0.012220574576616983,-0.14009260763159836,0.11565145847836439
2018-05-01,0.9486614091662015,0.7627756189995976,1.1345471993328053,-0.25213835983573457,-0.44868161117189764,-0.05559510849957153
2018-06-01,0.9022689194690308,0.6941849062623644,1.1103529326756971,-0.40083962671957446,-0.6267626721359907,-0.1749165813031583
2018-07-01,0.6813194381121097,0.2132151931898884,1.149423683034331,-0.828800374353814,-1.1083448711402553,-0.5492558775673728
2018-08-01,0.698816743924223,0.27084917065691005,1.126784317191536,-0.9335170932997693,-1.2156919556016972,-0.6513422309978414
2018-09-01,0.7652354184172293,0.26743762372245017,1.2630332131120086,-0.8949412208733046,-1.2760571577598476,-0.5138252839867616
2018-10-01,0.3700769685156554,-0.08297697832396533,0.8231309153552762,-0.3394254614599341,-0.9314626418084242,0.2526117188885561
2018-11-01,0.36595742512166957,-0.06304328971637835,0.7949581399597174,-0.46352950068986043,-1.0394738468322133,0.11241484545249236
2018-12-01,0.5682808862638241,0.13735491620080936,0.9992068563268388,-0.08989489238024016,-0.585782206383717,0.4059924216232367
2019-01-01,0.14585682811284575,-0.05099810930158799,0.3427117655272795,0.5798542403740938,0.4023712631982033,0.7573372175499844
2019-02-01,0.2586587055785527,0.03679764049887149,0.4805197706582339,0.44779537491575594,0.3522426372235918,0.5433481126079202
2019-03-01,0.3389350004196257,0.15591195991701964,0.5219580409222317,0.3969876665828183,0.3484247402878458,0.4455505928777908
2019-04-01,0.33095266732909284,0.13476703773489923,0.5271382969232865,0.3339013440152939,0.19555097191568332,0.4722517161149045
2019-05-01,0.35463586560111765,0.18963916572514317,0.5196325654770921,0.19749724677881195,0.05585400854371017,0.3391404850139137
2019-06-01,0.3840406583228411,0.19638285805349323,0.571698458592189,0.1460964475925796,0.02551730182643136,0.2666755933587278
2019-07-01,0.5372004559518344,0.3669439073679187,0.7074570045357501,-0.030532282892546114,-0.27933336267771547,0.2182687968926232
2019-08-01,0.6563469079125887,0.4306714403058186,0.8820223755193587,-0.07227710343842887,-0.3471415869448166,0.2025873800679589
2019-09-01,0.606757109301674,0.42107193417555655,0.7924422844277915,-0.1558363992040947,-0.5194923040146953,0.20781950560650592
2019-10-01,0.498421301037987,0.31484722692046885,0.6819953751555051,0.17075647036315594,0.010647299999737847,0.33086564072657404
2019-11-01,0.525451040265689,0.3741461029756384,0.6767559775557397,0.213476464205685,0.07182231517626117,0.35513061323510886
2019-12-01,0.5052589829385176,0.34903879430261114,0.6614791715744239,0.11411806363643061,-0.02174936140845833,0.24998548868131953
2020-01-01,0.47203647641245755,0.3717002928764702,0.5723726599484449,0.03800157114674577,-0.16526635161958816,0.2412694939130797
2020-02-01,0.4647386485298086,0.3512927023474715,0.5781845947121458,0.20494788913444728,-0.001970630403870466,0.411866408672765
2020-03-01,0.42664660499736795,0.3078974883557182,0.5453957216390177,0.29939378047358567,0.0708887336803608,0.5278988272668106
2020-04-01,0.00732005800192043,-6.795449384805891e-4,0.015319660942321449,0.027159876739171796,0.0031189662223872067,0.051200787255956386
2020-05-01,2.3766436977100872e-5,-0.0019280638747890767,0.0019755967487432784,0.028185608868086926,0.004859572416021047,0.0515116453201528
2020-06-01,0.0029649971278740946,4.745886641239036e-4,0.005455405591624286,0.02124717617257772,0.003197412046658882,0.039296940298496556
2020-07-01,0.003377394157396193,7.244192476774883e-5,0.006682346390024637,0.0028797247070606524,-0.0069345533618985844,0.01269400277601989
2020-08-01,0.004039134872595358,3.196236779280477e-4,0.007758646067262668,0.002762845432384709,-0.010712316287817908,0.016238007152587327
2020-09-01,0.0012634040084929371,-0.0014775167695782728,0.004004324786564147,-0.0024710110324795125,-0.012813214445742056,0.007871192380783031
2020-10-01,0.002103327534225149,-0.0027211132211168824,0.00692776828956718,-0.0013711702796903647,-0.0033993370446400916,6.569964852593622e-4
2020-11-01,7.152936839226039e-4,-0.0015727146956236375,0.0030033020634688454,-0.0012033756249830968,-0.0023543517530381104,-5.239949692808295e-5
2020-12-01,8.998726494934524e-4,-0.0014958371213260654,0.0032955824203129702,-8.823157871756566e-4,-0.0020447716130010387,2.8014003864972536e-4
2021-01-01,0.0033767891657252394,-0.001025988243681351,0.007779566575131829,0.0017767431756610275,-0.0011717876366957316,0.004725273988017787
2021-02-01,0.002667343071593984,-5.036337104715963e-4,0.005838319853659565,0.004296220611436951,-0.0012433672253220028,0.009835808448195905
2021-03-01,0.00213790704351834,-6.123763126312702e-4,0.00488819039966795,0.0037782100190932527,-0.0011968412003351102,0.008753261238521616
2021-04-01,0.013864375312377934,1.2632789009381015e-4,0.02760242273466206,0.01831043117573644,-0.0031130103786384915,0.03973387273011138
2021-05-01,0.007920259305760121,-0.0023413629452814014,0.018181881556801643,0.00539103087458567,-0.002859049717308629,0.01364111146647997
2021-06-01,0.0013263036495023987,-1.1992700312165737e-4,0.002772534302126455,-0.005493588940021304,-0.012668125977453898,0.0016809480974112898
2021-07-01,0.022373812152977245,-0.0015313400213044955,0.04627896432725899,-9.042524065761039e-4,-0.007993687214794171,0.006185182401641963
2021-08-01,0.016608154976906153,-5.126058822351176e-4,0.033728915836047424,-0.0024003642798535204,-0.0076512893010153744,0.002850560741308334
2021-09-01,0.016333256226512004,-0.003526785255572311,0.03619329770859632,-0.0020914925707432464,-0.006719660684245958,0.0025366755427594654
2021-10-01,0.09987485737417998,0.03728531620355628,0.16246439854480366,0.010749238605371055,-0.0061748268193940175,0.027673304030136125
2021-11-01,0.05998424650486854,-0.009671915687977928,0.129640408697715,-0.032712308506765736,-0.05385260554467862,-0.011572011468852856
2021-12-01,0.07421381035798223,-0.009031735033119714,0.15745935574908418,-0.07935034267538285,-0.11324348983748506,-0.045457195513280646
2022-01-01,0.25824900640499004,0.12171951565501327,0.3947784971549668,-0.13752085129629366,-0.18561195861897778,-0.08942974397360955
2022-02-01,0.3469608604309229,0.23958689278012185,0.45433482808172393,-0.17252793007414077,-0.21302063308677296,-0.13203522706150858
2022-03-01,0.39512352781752264,0.2280325279654805,0.5622145276695647,-0.2225210370236078,-0.2692050209919622,-0.17583705305525338
2022-04-01,0.14179606011884566,-0.024224415258995047,0.30781653549668636,-0.2738298873815655,-0.3290402322501678,-0.2186195425129632
2022-05-01,0.23915147431660308,0.06205047074719794,0.4162524778860082,-0.3063979285335073,-0.38343693693705705,-0.22935892012995748
2022-06-01,0.3415412041858914,0.12886492235608815,0.5542174860156946,-0.31713516650763784,-0.4185296128519437,-0.21574072016333204
2022-07-01,0.19503832504412302,0.05828137454129545,0.3317952755469506,-0.15806309559595025,-0.23212990241380432,-0.08399628877809619
2022-08-01,0.07302640956677448,-0.04577810696714042,0.19183092610068936,-0.10455376473491494,-0.18962799335360808,-0.019479536116221788
2022-09-01,0.028641086483077376,-0.14861932483686877,0.2059014978030235,-0.11989503502150481,-0.2355569024685516,-0.004233167574458033
2022-10-01,-0.03395013270386874,-0.3464699140021687,0.2785696485944312,-0.04720271515916964,-0.22950506926950165,0.1350996389511624
2022-11-01,-0.0226908602387416,-0.3371867912931228,0.29180507081563956,-0.05817722946194136,-0.27419301382354727,0.15783855489966453
2022-12-01,0.10767424490214018,-0.09179470849475628,0.30714319829903663,-0.16282949876100897,-0.31379260829837885,-0.011866389223639112
2023-01-01,0.18737341903610888,-0.06539420621356673,0.4401410442857845,0.057224369121818594,-0.1286568659574528,0.24310560420109
2023-02-01,0.06189657767451097,-0.2753576057845549,0.39915076113357684,0.10109367548233597,-0.1319171944884615,0.33410454545313345
2023-03-01,-0.07048594062182105,-0.43703855587209384,0.2960666746284517,0.03604165787959616,-0.19704656963462142,0.2691298853938137
2023-04-01,0.009601535951205767,-0.2050782875845174,0.22428135948692896,1.0604214382841923,0.8759914704590259,1.2448514061093587
2023-05-01,0.05457560028421414,-0.14877876144528884,0.2579299620137171,0.9725220316822755,0.7809044331597131,1.164139630204838
2023-06-01,0.15917037075621399,-0.05413099484399583,0.37247173635642383,0.9517817855727325,0.724044261579719,1.1795193095657461
2023-07-01,0.09673629865789347,-0.040171698477261,0.23364429579304796,1.0655131407370704,0.8538595838527743,1.2771666976213665
2023-08-01,-0.0569289137215272,-0.34771002409451873,0.23385219665146434,1.1542239202180553,0.7915992552949729,1.5168485851411377
2023-09-01,0.15817356456148826,0.03461939736777364,0.2817277317552029,0.7439766164847295,0.4538597739754181,1.034093458994041
2023-10-01,0.17605571495990302,-4.982618141754491e-4,0.3526096917339815,0.744764951827548,0.46390613218360705,1.0256237714714889
2023-11-01,-0.010477024508177507,-0.14625901194013416,0.12530496292377916,0.8101928999555161,0.4953480626640478,1.1250377372469844
2023-12-01,0.14019866541377538,0.004972678267967601,0.27542465255958315,0.5799614297581733,0.2868572078597387,0.873065651656608
2024-01-01,0.40165147692598185,0.09077211621586057,0.7125308376361031,0.8413134426354768,0.08074975807491891,1.6018771271960346
2024-02-01,0.40444534152655137,0.041372081676478434,0.7675186013766243,1.008134335421084,0.30060671192571364,1.7156619589164546
2024-03-01,0.701527586762065,0.3390675272269062,1.0639876462972238,0.8106715825293895,0.2745371048715475,1.3468060601872316
2024-04-01,0.3860503549632399,0.09009895020280145,0.6820017597236784,1.042794599188526,0.7487754865804955,1.3368137117965562
2024-05-01,0.6225474119993215,0.19047882491723356,1.0546159990814095,0.7763895207062871,0.5185732760781535,1.0342057653344208
2024-06-01,0.31202534323934505,-0.11228039660644035,0.7363310830851304,0.8201879300909243,0.5556297351615631,1.0847461250202854
2024-07-01,1.4850994309986167,0.9419393712367576,2.028259490760476,0.7483931174332608,-0.08058030927067483,1.5773665441371962
2024-08-01,1.3243938768869497,0.8045774575678677,1.8442102962060316,0.6152327632799767,-0.2556900075537507,1.486155534113704
2024-09-01,1.6221715048796008,1.1175039479201816,2.12683906183902,0.38990471223718504,-0.2938790128766282,1.0736884373509983
2024-10-01,1.2845707471213479,0.8526393144796722,1.7165021797630236,0.23042256373627013,-0.6931403312683667,1.153985458740907
2024-11-01,1.5870715146073562,0.9493938165144659,2.2247492127002464,0.07774875765941096,-0.9014906144923172,1.056988129811139
2024-12-01,1.0014352977682979,0.4108979703815805,1.5919726251550153,0.38736267802184504,-0.6831033035245921,1.4578286595682823
2025-01-01,0.5266043675025205,0.15267142131163397,0.900537313693407,0.08435918551850617,-0.40441446893809674,0.5731328399751091
2025-02-01,0.8367840308478712,0.6512496765188086,1.022318385176934,0.16479353543183442,-0.1458937788413305,0.4754808497049994
2025-03-01,0.6847273124979828,0.5253939051037636,0.844060719892202,0.3372742947220943,0.15444398619555663,0.520104603248632
2025-04-01,0.6090053892431102,0.40563583171759854,0.8123749467686219,0.5847378242243972,0.414551107305957,0.7549245411428375
2025-05-01,0.6254767205058287,0.5364055086707947,0.7145479323408627,0.3165260207687839,0.1569732152370842,0.4760788263004836
2025-06-01,0.6874806889225099,0.56557800388525,0.8093833739597698,0.28525188820821956,0.04499511332315426,0.5255086630932848
2025-07-01,0.927211964747808,0.7936179593744254,1.0608059701211905,0.43077770480808497,0.2483419841549719,0.6132134254611981
2025-08-01,0.9664127823224897,0.8534774391588624,1.079348125486117,0.4995201343863978,0.3148796959411505,0.6841605728316451
2025-09-01,0.9355807147938843,0.8304520556868771,1.0407093739008915,0.4262332432503831,0.1880559642895061,0.6644105222112601
2025-10-01,0.8371750909632308,0.5382993429454239,1.1360508389810378,0.44872878335627153,0.24192346431700873,0.6555341023955343
2025-11-01,0.8543404773048237,0.6048939108761501,1.1037870437334971,0.41775693993869784,0.22275838659127317,0.6127554932861226
2025-12-01,0.6050214298401471,0.3300751736763187,0.8799676860039753,0.4247029931175162,0.2465987716549379,0.6028072145800945
